id,children,like_count,media_type,caption,permalink,media_url
18040331872388215,,14,IMAGE,"．
．
．
．
．
photo：専属スタッフ 
place： JR足利駅 地下道
．
．
．
#久保田杏奈 #あんぴい
#足利市 #足利市在住 #モデル #model #塾講師 #いいね歓迎 #フォロー歓迎 #フォロワー募集中 #ポートレート #portrait #被写体 #撮影 #作品撮り #フィルムカメラ #写ルンです",,https://scontent-nrt1-1.cdninstagram.com/v/t51.29350-15/315372121_3283554931925007_5035374489636026312_n.jpg?_nc_cat=107&ccb=1-7&_nc_sid=8ae9d6&_nc_ohc=nkJkmNcAmBwAX9XFN7s&_nc_ht=scontent-nrt1-1.cdninstagram.com&edm=AEoDcc0EAAAA&oh=00_AfDcasZThapF90qr1k5-2WolElcF16v0mot5w2mo9dgJHQ&oe=6378248D
18067549060329961,"{'data': [{'id': '17964651629049985'}, {'id': '17989303792575064'}, {'id': '17971304872925119'}]}",2,CAROUSEL_ALBUM,"Halloween 🍭 🎃 Trick or treat 👻 
#ハロウィン 
.

ٍ ٛ . ̫ . ٛ ٍ 相片資料：
📷:Canon Autoboy 3
🎞: Kodak 200
🏷:36 exp
🔎: filminglab 
.

#攝影 #拍攝 #人像攝影 #寫真好きな人と繋がりたい #寫真撮ってる人と繋がりたい #写真 #写ルンです#filmphotography #菲林攝影 #菲林 #菲林相機 #菲林日常#フィルム #photography #photo #photos #pic #pics #picture #pictures #snapshot #art #beautiful #instagood #picoftheday #photooftheday #color #ハロウィン",,
17934585722528438,,0,IMAGE,"🦀
・
・
・

#写ルンです#写るんです#写ルンです好きと繋がりたい#インスタントカメラ#インスタントカメラのある生活#インスタントカメラ好きと繋がりたい#フィルムカメラ#フィルムカメラのある生活#フィルムカメラ好きと繋がりたい#フィルムカメラ普及委員会#いいね返し#いいね返します#フォロー返します#フォロー返し#オムプリッセ#トーガ#低身長男子#低身長コーデ#セルフスタジオ#hommeplisse#isseymiyake#toga",,https://scontent-nrt1-1.cdninstagram.com/v/t51.29350-15/315657733_869088234511742_898118515604499622_n.jpg?_nc_cat=109&ccb=1-7&_nc_sid=8ae9d6&_nc_ohc=DbTWpZXC0w4AX_eGMSk&_nc_ht=scontent-nrt1-1.cdninstagram.com&edm=AEoDcc0EAAAA&oh=00_AfAGEocqPecqzu2v6hPLjTkbcqeqxp2Dur36xaSWUk6W2g&oe=63784E38
17943047015399887,,4,IMAGE,".
初めてのすすきショット🎑

.

#キリトリセカイ  #cinematic #into_the_screen #tokyo #good_portraits_world 
 #ポートレート#フィルムカメラ  #攝影日記 #오오티디 #일상스타그램 #데일리룩 #도쿄생활 #팔로우 #팔로우미 #셀스타그램 #셀카 #얼스타그램  #写真好きな人と繋がりたい #東京カメラ部 #写ルンです 
 #사진화  #인물사진 #인물스냅",,https://scontent-nrt1-1.cdninstagram.com/v/t51.29350-15/315546913_646027483887269_1885151364975631350_n.jpg?_nc_cat=103&ccb=1-7&_nc_sid=8ae9d6&_nc_ohc=Pt7R-uronj0AX9M2TFD&_nc_ht=scontent-nrt1-1.cdninstagram.com&edm=AEoDcc0EAAAA&oh=00_AfD_hgv0i8F2goqbtZacGHe05ll8WNT2B1lUDqqBujjTEw&oe=63790695
18221703466088870,,1,IMAGE,"2022/11/3-5

:
:
:
:
:
:
:
:
:
:
:
:
:
:
:
:
:
:
:
:
:
:

此度は懐かしくなる旅行だったﾖｰ
卒業してから行くと良いところ見つかるのもよきなり

半年とっても幸せでしたこれからも幸せです

#写ルンです 
フィルム最高！",,https://scontent-nrt1-1.cdninstagram.com/v/t51.29350-15/315665952_491228502968045_7546121622838678043_n.jpg?_nc_cat=102&ccb=1-7&_nc_sid=8ae9d6&_nc_ohc=ROv_1ndSmDAAX-7ZxjL&_nc_ht=scontent-nrt1-1.cdninstagram.com&edm=AEoDcc0EAAAA&oh=00_AfAK5HrNzUITmYVNs7PNFrIxAMJh9W9tnGrSocEKHEws8g&oe=6377CE88
17957834993169831,"{'data': [{'id': '17974601839878389'}, {'id': '17969909194906458'}, {'id': '18000074329536224'}, {'id': '17966451539001715'}, {'id': '17935973111364797'}, {'id': '17890689527666546'}, {'id': '17981889241705131'}, {'id': '17966929708986835'}, {'id': '18041716264388111'}, {'id': '17978210131816228'}]}",,CAROUSEL_ALBUM,"swipe≫こういう写真が撮れると嬉しいよね。なんでもしてくれる被写体さんは本当に貴重な存在だよ。

被写体さんもカメラマンのことよく見てるよね。カメラを向けられている時に感じるものってあるんだろうね。

.

💃🏻 kamedayokame 
📍 Tokyo
📷 Sony α7Ⅲ+GIZMON Utulens 32mm F16
🎨 Capture One Pro 

.

~~~~~~~~~~~~~~~~~~~~~~~~~~~~~
▪︎Works▷ piroji._.fotografeee.works 
▪︎Wedding▷ piroji._.fotografeee.wedding 
▪︎Film▷ piroji._.fotografeee.film 
~~~~~~~~~~~~~~~~~~~~~~~~~~~~~

.

#utulens 
#bestvintagelens 
#写ルンです 
#genic_mag 
#誰かの記憶の片隅に 
#白紙の1ページ 
#ノスタルジーな瞬間を 
#その瞬間は永遠の思い出 
#私が撮る一枚 
#瞳の中のノスタルジア 
#reco_ig 
#何気ない瞬間を残したい 
#everyones_photo_club 
#screen_archive 
#jp_portrait部 
#good_portraits_world 
#ポトレ撮影隊 
#jp_portrait_collection 
#portraitegypt 
#gris_cartier_bresson 
#way2ill 
#top_portraits 
#777luckyfish 
#pulsefilm 
#hibi_jp 
#discovertokyo 
#純猥談写真 
#みんすと 
#iedemo_graphy 
#스냅사진",,
17853634511854454,,8,IMAGE,"姉と🫶
・
・
・
 #twin  #twins  #双子  #山口  #花の海  #コスモス  #flower  #flowerlovers  #pink  #ロングブーツ  #ベレー帽コーデ  #blonde  #blondegirl  #blondehair  #fashion  #fashionstyle  #like4likes  #followｍe  #follow4like  #follow_me  #写ルンです  #写ルンですのある生活  #family  #familytime  #美容師  #美容師の休日  #美容師コーデ",,https://scontent-nrt1-1.cdninstagram.com/v/t51.29350-15/315312243_531524078500735_5724344641563944265_n.jpg?_nc_cat=100&ccb=1-7&_nc_sid=8ae9d6&_nc_ohc=ZfMPjOGdnscAX9VgJwq&_nc_ht=scontent-nrt1-1.cdninstagram.com&edm=AEoDcc0EAAAA&oh=00_AfBokE8BvbgTPfFSv3dBrooTfjY2dKGFPox-Sfnaxoof4Q&oe=6378669C
17971493728798132,,10,IMAGE,"写ルンですエモ〜🫰

#ディズニーシー #写ルンです",,https://scontent-nrt1-1.cdninstagram.com/v/t51.29350-15/315355451_501878221977792_8851732162499853308_n.jpg?_nc_cat=109&ccb=1-7&_nc_sid=8ae9d6&_nc_ohc=PAs6JL9oe_4AX-leYF-&_nc_ht=scontent-nrt1-1.cdninstagram.com&edm=AEoDcc0EAAAA&oh=00_AfBze9KHpXOcJIJZ5b-rnokmOryzrP_6Vkx1tkfjXy6_Zw&oe=6377A5B4
17867738249797943,,15,IMAGE,"ソーキそば😋

_
_
_
_
_
_
_
_

#good_portraits_world 
#instagood 
#ファインダー越しの私の世界 
#何気ない瞬間を残したい #lfl 
#生活とフィルム #followme 
#photography #fujifilm #filmcamera
#フィルムカメラ #filmphotography #写ルンです #フィルム写真 #カメラのある生活 #streetphotography 
#team_jp_ #jp_mood #日常 
#tokyocameraclub 
#hibi_jp #カメラ女子 
#photogram_archive #필름",,https://scontent-nrt1-1.cdninstagram.com/v/t51.29350-15/315426507_2145562828959356_2562638142816909918_n.jpg?_nc_cat=109&ccb=1-7&_nc_sid=8ae9d6&_nc_ohc=lVZr1gsu_oUAX-8Zgj5&_nc_ht=scontent-nrt1-1.cdninstagram.com&edm=AEoDcc0EAAAA&oh=00_AfDh_pdb3n22EWRnxcI5A055cBL3vxwuz-FBuKe--202jQ&oe=6377AB46
18136116013304685,,7,IMAGE,"将来は海が見えるくらいの、大きな窓があるお家に住みたいな。

_
_
_
_
_
_
_
_

#good_portraits_world 
#instagood 
#ファインダー越しの私の世界 
#何気ない瞬間を残したい #lfl 
#生活とフィルム #followme 
#photography #fujifilm #filmcamera
#フィルムカメラ #filmphotography #写ルンです #フィルム写真 #カメラのある生活 #streetphotography 
#team_jp_ #jp_mood #日常 
#tokyocameraclub 
#hibi_jp #カメラ女子 
#photogram_archive #필름",,https://scontent-nrt1-1.cdninstagram.com/v/t51.29350-15/315608935_826258135094152_3669743222171330872_n.jpg?_nc_cat=100&ccb=1-7&_nc_sid=8ae9d6&_nc_ohc=2ZC3xZ8xctcAX_u_FJD&_nc_ht=scontent-nrt1-1.cdninstagram.com&edm=AEoDcc0EAAAA&oh=00_AfBy0Tzmxn66LlDUO30kuEkhwBzdBf1JUedDs0Lkxifbgw&oe=6378B19A
17966948528000539,"{'data': [{'id': '17865614771810830'}, {'id': '17992798717587377'}, {'id': '17975481286841571'}, {'id': '17982158920687214'}, {'id': '17951968469482595'}, {'id': '18234360868151664'}, {'id': '17942218625295635'}, {'id': '17989753972612309'}, {'id': '17999338552545644'}, {'id': '17999389759532245'}]}",19,CAROUSEL_ALBUM,"moments,
#写ルンです 
#filmphotography",,
17953952327214076,,12,IMAGE,"美味しかったー！

_
_
_
_
_
_
_
_

#good_portraits_world 
#instagood 
#ファインダー越しの私の世界 
#何気ない瞬間を残したい #lfl 
#生活とフィルム #followme 
#photography #fujifilm #filmcamera
#フィルムカメラ #filmphotography #写ルンです #フィルム写真 #カメラのある生活 #streetphotography 
#team_jp_ #jp_mood #日常 
#tokyocameraclub 
#hibi_jp #カメラ女子 
#photogram_archive #필름",,https://scontent-nrt1-1.cdninstagram.com/v/t51.29350-15/315358436_3395589934045934_2986048597882443869_n.jpg?_nc_cat=111&ccb=1-7&_nc_sid=8ae9d6&_nc_ohc=rUpZdo3oVk8AX-Xn7LV&_nc_ht=scontent-nrt1-1.cdninstagram.com&edm=AEoDcc0EAAAA&oh=00_AfDCkgjRJqttvu_asdgWREsx_qB_h1b_y5-cdlLH0h7CQw&oe=6377C32C
17868488330767765,,3,IMAGE,"神戸市北区のどこかにて。

#神戸#神戸市北区#ドライブ
#Minolta#minoltahimatic#写ルンです#CannonEOS
#フイルムカメラ#フイルム写真 #filmcamera#filmphotography#onfilm",,https://scontent-nrt1-1.cdninstagram.com/v/t51.29350-15/315643298_1090909101483766_3072597427867550823_n.jpg?_nc_cat=105&ccb=1-7&_nc_sid=8ae9d6&_nc_ohc=LsA6UnAz5cgAX8TTt_Q&_nc_ht=scontent-nrt1-1.cdninstagram.com&edm=AEoDcc0EAAAA&oh=00_AfA2WcpF1Pto7bgxdBR-RIXudUQaTeUnOM7SL1II8I0Osg&oe=6377963A
17951848076109420,,6,IMAGE,"明り絶やさず灯す
camera:YASHICAmf-2

#カメラ初心者 #写ルンです 
#写ルンですのある生活 
#filmphotography 
#フィルムカメラ 
#フィルムカメラ初心者 
#フィルム写真
#ストリートスナップ",,https://scontent-nrt1-1.cdninstagram.com/v/t51.29350-15/315637199_535544058034816_7831356219699437334_n.jpg?_nc_cat=109&ccb=1-7&_nc_sid=8ae9d6&_nc_ohc=f3qwpnxGW8YAX8bqIgZ&_nc_ht=scontent-nrt1-1.cdninstagram.com&edm=AEoDcc0EAAAA&oh=00_AfCQzKX-LLtZl6VZoEIi7id6IDP-CCdmCg6Gi9E5FeT6fA&oe=6378857B
17963078336026999,,2,IMAGE,"趣味酒向
camera:YASHICAmf-2

#カメラ初心者 #写ルンです 
#写ルンですのある生活 
#filmphotography 
#フィルムカメラ 
#フィルムカメラ初心者 
#フィルム写真
#ストリートスナップ",,https://scontent-nrt1-1.cdninstagram.com/v/t51.29350-15/315455530_540693597401346_915949208952971324_n.jpg?_nc_cat=111&ccb=1-7&_nc_sid=8ae9d6&_nc_ohc=wsP3nVVQAtgAX_yPDJm&_nc_ht=scontent-nrt1-1.cdninstagram.com&edm=AEoDcc0EAAAA&oh=00_AfBQh-9ufZA5I573rlNhim4vBJQpl8RRWYIUbHorEX3Pdw&oe=637819E1
17974311451867300,,8,IMAGE,"まねきねこ。

#カメラ初心者  #カメラ好きな人と繋がりたい  #カメラ女子  #ファインダー越しの私の世界 #写真好きな人と繋がりたい  #写真撮ってる人と繋がりたい  #秋 #フィルムカメラ  #フィルム  #Canon #canonphotography #フィルムカメラ好きな人と繋がりたい #写ルンです  #写ルンですのある生活 #lumixgf10",,https://scontent-nrt1-1.cdninstagram.com/v/t51.29350-15/315545946_1283426149058767_6943083525907012643_n.jpg?_nc_cat=103&ccb=1-7&_nc_sid=8ae9d6&_nc_ohc=C5BFrLp0w1oAX-WPLgM&_nc_ht=scontent-nrt1-1.cdninstagram.com&edm=AEoDcc0EAAAA&oh=00_AfADvAXqLusDxZftYcylOV5couoiWj9X7CSZzKyW_iWlpg&oe=6377B519
17876520764730264,,13,IMAGE,"かわいいです🚰

#カメラ初心者  #カメラ好きな人と繋がりたい  #カメラ女子  #ファインダー越しの私の世界 #写真好きな人と繋がりたい  #写真撮ってる人と繋がりたい  #秋 #フィルムカメラ  #フィルム  #Canon #canonphotography #フィルムカメラ好きな人と繋がりたい #写ルンです  #写ルンですのある生活 #lumixgf10",,https://scontent-nrt1-1.cdninstagram.com/v/t51.29350-15/315774050_5386805808108170_7153579383259219405_n.jpg?_nc_cat=104&ccb=1-7&_nc_sid=8ae9d6&_nc_ohc=jcpDwQqgm5MAX8suXdD&_nc_ht=scontent-nrt1-1.cdninstagram.com&edm=AEoDcc0EAAAA&oh=00_AfAqy2Z06k7fpCcIXqXOC1isn2BfBBmOaQx-1uPA_x3hBg&oe=6377F888
17971170196797572,,6,IMAGE,"源泉
camera:YASHICAmf-2

#カメラ初心者 #写ルンです 
#写ルンですのある生活 
#filmphotography 
#フィルムカメラ 
#フィルムカメラ初心者 
#フィルム写真
#ストリートスナップ",,https://scontent-nrt1-1.cdninstagram.com/v/t51.29350-15/315683369_411486464387948_7135053569515175903_n.jpg?_nc_cat=110&ccb=1-7&_nc_sid=8ae9d6&_nc_ohc=sjJFCDYAgboAX_UGp3z&_nc_ht=scontent-nrt1-1.cdninstagram.com&edm=AEoDcc0EAAAA&oh=00_AfAqeQL3TQD7vjLt4iGTf0w-sxznhkEk-vaMr_jv4_VX7g&oe=63784C22
18315808822067876,,6,IMAGE,"│⁡
⁡│⁡
⁡│⁡
⁡⁡ ⁡
⁡ ⁡
⁡ 
⁡人生初ウォータースライダーが付いてる⁡⁡
⁡ホテルに行ってきた⁡
⁡⁡
⁡ウォータースライダーなんて⁡
8年ぶりくらいに乗ったけど
⁡⁡びっくりするくらい楽しかったけど
思ってるより長くてビビっちゃって⁡
⁡⁡
⁡なんか大人になってしまったなとしみじみ⁡⁡
⁡⁡
⁡学生の頃は身体動かすのが趣味で⁡
⁡⁡怖いもの知らずだったのになぁ⁡
⁡ ⁡
⁡
⁡⁡でもなんだかんだやっぱり楽しくて
⁡何回も乗り方変えて⁡滑りまくった⁡
⁡
⁡⁡
彼も何回も一緒に滑ってくれて⁡
⁡ニコニコしてて可愛かったなぁ⁡
⁡なんか一緒に遊園地行った気分になって⁡
⁡いいリフレッシュになった
⁡⁡ ⁡
⁡ ⁡また行きたいホテルNo.1⁡
⁡ ⁡
⁡ 
⁡ ⁡
⁡│⁡
⁡│⁡
⁡│",,https://scontent-nrt1-1.cdninstagram.com/v/t51.29350-15/315425588_1177457643155265_5043743295252238963_n.webp?stp=dst-jpg&_nc_cat=110&ccb=1-7&_nc_sid=8ae9d6&_nc_ohc=JTYpZhaKGzsAX_wTZXq&_nc_ht=scontent-nrt1-1.cdninstagram.com&edm=AEoDcc0EAAAA&oh=00_AfCwJ6-qphm9Ee4EuJqz0gmbo8EABsdEdLnM_S6DmwChhQ&oe=6377D2E7
17971989091922297,,38,IMAGE,"🔶20年後を予感する…😅

着物をたくしあげ、
乱れも気にせず
前方を「ガシッと』見つめ
大股で階段を登る
😆😆😆
・
写真の整理をしていたら
見つけた20年前の娘の七五三👘
・
時が経ち…
今の娘を暗示するかのような
たくましさ😆😂
・
確かこれは
使い捨てカメラの「写ルンです」で撮った一枚
・
私のお気に入りの写真となりました💓
「写ルンです」なかなかいいね👍
・
・
被写体を私STYLEで(20年前)
・
・
・
#七五三 #その瞬間を残したい #思い出グラム #七五三の写真 #懐かしい写真 #撮るを楽しむ #写ルンです #写真好きな人と繋がりたい #ファミリーフォト #お気に入りの写真 #懐かしい思い出 #写真が好き #娘の成長",,https://scontent-nrt1-1.cdninstagram.com/v/t51.29350-15/315582044_1218031305411990_3160052893824441073_n.jpg?_nc_cat=111&ccb=1-7&_nc_sid=8ae9d6&_nc_ohc=zQaGYm212BsAX9m1GFc&_nc_ht=scontent-nrt1-1.cdninstagram.com&edm=AEoDcc0EAAAA&oh=00_AfAuXVqAM3dEhKXM0VVKfQXIZl57KZcshFaPWzuRq1m2Mg&oe=6377B929
17954479661075917,,2,IMAGE,"⁡
サンタクロース🎅
⁡
#everydayjapan #film #filmstyle #memory 
#love_camera_club #total_tokyo #citygrammers #discovertokyo #photo_jpn
#私のファインダー越しの世界 #sony #sonya7iii
#a7iii #フィルム #フィルム調  #photography
#写ルンです #東京ディズニーシー #ディズニーシー #tokyodisneysea #disneysea #サンタクロース #santaclaus #クリスマス #christmas",,https://scontent-nrt1-1.cdninstagram.com/v/t51.29350-15/315492215_653168819605316_4315911967841336676_n.jpg?_nc_cat=111&ccb=1-7&_nc_sid=8ae9d6&_nc_ohc=__fmllYu9LAAX-fziUl&_nc_ht=scontent-nrt1-1.cdninstagram.com&edm=AEoDcc0EAAAA&oh=00_AfC0hLbo7jYY2ByPKTpEYpqs_s-2_aP6aPI5qFY5YEt59A&oe=6377FD38
17952771029259920,,3,IMAGE,"⁡
Tokyo Disney Sea
⁡
#everydayjapan #film #filmstyle #memory 
#love_camera_club #total_tokyo #citygrammers #discovertokyo #photo_jpn
#私のファインダー越しの世界 #sony #sonya7iii
#a7iii #フィルム #フィルム調  #photography
#写ルンです #東京ディズニーシー #ディズニーシー #tokyodisneysea #disneysea",,https://scontent-nrt1-1.cdninstagram.com/v/t51.29350-15/315449720_1281645326021140_2609894862898643756_n.jpg?_nc_cat=107&ccb=1-7&_nc_sid=8ae9d6&_nc_ohc=pHaggpRS7tkAX-d2Xvv&_nc_ht=scontent-nrt1-1.cdninstagram.com&edm=AEoDcc0EAAAA&oh=00_AfAlSnNr2sMx5h2TVmypXBCyLhL1DFgX3U2JqY3nccTrtw&oe=6378D905
18265980607104611,"{'data': [{'id': '17860249766829612'}, {'id': '17993335774593923'}]}",419,CAROUSEL_ALBUM,"写ルンですで撮った写真
現像したら27枚中18枚が真っ黒でした..27枚で1,790円
1枚66円よって1,188円が死にました。。今度はKodak買ってみようかな...一緒ですか?
撮る技術の問題?🥹
小学生の時何も考えず撮ってた時こんな難しいと思わなかったよ、、
写ルンですってこんなに難しかったっけ、、

#写ルンです#롯데월드#ロッテワールド#韓国旅行#🇰🇷#🎡",,
17930415557576641,,12,IMAGE,,,https://scontent-nrt1-1.cdninstagram.com/v/t51.29350-15/315410294_3479114655656202_5072269432224684901_n.jpg?_nc_cat=105&ccb=1-7&_nc_sid=8ae9d6&_nc_ohc=_G2gRBMVYIwAX9K_Qe3&_nc_ht=scontent-nrt1-1.cdninstagram.com&edm=AEoDcc0EAAAA&oh=00_AfBPSiRF8gf-ZaZkgF85er_DHVkrh7nmvEsQSndAxG_cRQ&oe=637835B6
18047449492374668,"{'data': [{'id': '17901268823689596'}, {'id': '18255494689138046'}, {'id': '17955976679182737'}]}",46,CAROUSEL_ALBUM,"ハタチになったらお酒が飲めます！ね🍻◎
　
お母さまも着られた振袖を着て...
小さい頃からご家族で通われた中華料理屋さんにて...
大切なお着物を身にまとって、大切な場所で、
一生に一度の大切な成人式のお写真をお任せして
いただきましてほんとうにありがとうございました。

出張撮影のご依頼、ご質問等、お気軽にDM又は
Instagramトップのメールアドレスから📩！
お願いいたします。お待ちしておりますね🤝🎞",,
id,children,like_count,media_type,caption,permalink,media_url
17952615794486510,,11,VIDEO,".⁡
⁡皆さんこんばんわ！ 
カメラのウエダスタッフです‪🌱‬

本日はKodakから発売されている「KODAK film camera i60」の紹介です📸

レトロな雰囲気で可愛いこのカメラは今年の8月に発売された商品で

動画に写っているものが
「コダックイエロー」（黄色）
そしてもう1色は「ベリーペリ」（紫色）の2色展開のご用意です！

1番のおすすめポイントは、、、！

ポップアップ式のフラッシュです！
動画内でレンズ横の黒いボタンを押すと右上にフラッシュが 「ポン！」と出てくるのがお分かりいただけるかと思いますが、最近は色んなフィルムカメラが発売されていますが唯一このポップアップの形を搭載していて！

見た目も機能も何もかも可愛くて充実している1台となっております！！

これからフィルムをはじめてみたい皆様に安心してお使いいただる簡単操作のカメラとなっております😁
フィルムのセットの仕方などわからないことありましたら
スタッフが１から説明しますので、お気軽にご来店下さい🙇‍♂️

皆様のご来店お待ちしております！

#kodaki60 #i60 #コダック #Kodak #filmcamera #35mmcamera #フィルム #写真 #写真好きな人と繋がりたい #写真撮ってる人と繋がりたい #フィルム好きな人と繋がりたい #生活とフィルム #フィルム写真普及委員会 #フィルムカメラ #フィルムに魅せられて #日々フィルム #カメラ女子 #写ルンですのある生活 #フィルムカメラに恋してる #写ルンです女子 #恋するフィルム部 #写真垢フォロバします #film #写ルンです #スマホ転送 #フィルムカメラ部 #filmcamera #fff #蒲田",,https://video-nrt1-1.cdninstagram.com/o1/v/t16/f1/m82/1B4BCAB14B03E4CE6D0BEEAB5DB5EB82_video_dashinit.mp4?efg=eyJ2ZW5jb2RlX3RhZyI6InZ0c192b2RfdXJsZ2VuLjcyMC5jbGlwcyJ9&_nc_ht=video-nrt1-1.cdninstagram.com&_nc_cat=111&vs=802334237541450_411664857&_nc_vs=HBksFQIYT2lnX3hwdl9yZWVsc19wZXJtYW5lbnRfcHJvZC8xQjRCQ0FCMTRCMDNFNENFNkQwQkVFQUI1REI1RUI4Ml92aWRlb19kYXNoaW5pdC5tcDQVAALIAQAVABgkR0lWY3BSSzJXNzFzMDFZQ0FGM2lGQXUxUE81a2JxX0VBQUFGFQICyAEAKAAYABsBiAd1c2Vfb2lsATEVAAAmyLmut%2F6p6j8VAigCQzMsF0AsDMzMzMzNGBJkYXNoX2Jhc2VsaW5lXzFfdjERAHUAAA%3D%3D&ccb=9-4&oh=00_AfBdAJ4VH2qaufrGhHUCn_nwH24B2m9b0VWRTWUBleyvbg&oe=63752A39&_nc_sid=ea0b6e&_nc_rid=add34c631f
17957438036316093,,2,IMAGE,"2020.01.04

うつるんです📸🤨

#小判の成長記録",,https://scontent-nrt1-1.cdninstagram.com/v/t51.29350-15/315493077_1322678105214058_7402507794104021704_n.jpg?_nc_cat=111&ccb=1-7&_nc_sid=8ae9d6&_nc_ohc=Jl7YyPFR4A4AX969gV-&_nc_ht=scontent-nrt1-1.cdninstagram.com&edm=AEoDcc0EAAAA&oh=00_AfDhSP_lEE1WHNBsiMd4p2B6TTDDXErCBlEt7TtOnYke7w&oe=63780A5A
18223259128095344,,35,IMAGE,"▼
cafe time☕︎
.
#ortocafe #福岡カフェ #フィルムカメラ #写ルンです  #filmcamera #film_jp #filmphotography  #生活とフィルム #フィルムに恋してる #ふぃるむ寫眞 #フィルム部 #フィルム写真普及委員会 #オールドレンズ部 #富士フィルム #fujifilm #日々フィルム #フィルムカメラ好きな人と繋がりたい #indy_photolife  #jp_gallery #insta_japan  #photo_jpn #fukuoka_camera #何気ない瞬間を残したい #カメラ女子 #saga_camera #キリトリセカイ #カメラのある生活 #カメラ好きな人と繋がりたい #写真好きな人と繋がりたい #ファインダー越しの私の世界",,https://scontent-nrt1-1.cdninstagram.com/v/t51.29350-15/315548763_692325132078712_1467998442684333693_n.jpg?_nc_cat=105&ccb=1-7&_nc_sid=8ae9d6&_nc_ohc=KX73fDczxvAAX-QBefk&_nc_ht=scontent-nrt1-1.cdninstagram.com&edm=AEoDcc0EAAAA&oh=00_AfBRtkep1dpWbrz2TIx4E_xPZaIdAeRhrbb_kSepj9NZjA&oe=6377F8E4
17980780525694945,"{'data': [{'id': '17912867795569947'}, {'id': '17953719008245937'}]}",16,CAROUSEL_ALBUM,".
おまるのアンパンマンも帽子かぶっててかわいい
#写ルンです",,
17974830589884915,,18,IMAGE,"コブクザクラ
秋に咲く桜だそう",,https://scontent-nrt1-1.cdninstagram.com/v/t51.29350-15/315445764_1145664142822735_8091368348115664628_n.jpg?_nc_cat=110&ccb=1-7&_nc_sid=8ae9d6&_nc_ohc=MqJNaSEJYPQAX8WWmm5&_nc_oc=AQnkzJ3XGaTDIl5JdjGEiDVqIBM9lb6Kwq_jiV7RSbalMjTsSLXigvu7kq5fJ6rQXM8&_nc_ht=scontent-nrt1-1.cdninstagram.com&edm=AEoDcc0EAAAA&oh=00_AfB1Rb8n-0J4t5BrpfuUGUKbF-FD7faljGRgW-PGKKUxjQ&oe=63793A21
17952570023251355,,,IMAGE,"࿐⋆*
zui",,https://scontent-nrt1-1.cdninstagram.com/v/t51.29350-15/315427853_1112050343009261_8192311480752718488_n.jpg?_nc_cat=101&ccb=1-7&_nc_sid=8ae9d6&_nc_ohc=IipuRCwsAAgAX-ApNmj&_nc_ht=scontent-nrt1-1.cdninstagram.com&edm=AEoDcc0EAAAA&oh=00_AfBd1QQtV27WWSbRMC7hiHvtzTEogZijkFcyBnzFjaK8YQ&oe=6377AF1F
18059488540348849,,,IMAGE,"࿐⋆*
zui",,https://scontent-nrt1-1.cdninstagram.com/v/t51.29350-15/315438592_538062864383684_315401977860363628_n.jpg?_nc_cat=101&ccb=1-7&_nc_sid=8ae9d6&_nc_ohc=Or_vMuQelfUAX-H0KA3&_nc_ht=scontent-nrt1-1.cdninstagram.com&edm=AEoDcc0EAAAA&oh=00_AfCJgReTuoSHAKqUT-Ou-98Yyq7qrcCj7HwIAvsOw4pcjg&oe=6377B1CE
17953808468216912,,,IMAGE,"࿐⋆*
zui",,https://scontent-nrt1-1.cdninstagram.com/v/t51.29350-15/315428735_880419906284454_5440061055144372145_n.jpg?_nc_cat=110&ccb=1-7&_nc_sid=8ae9d6&_nc_ohc=kVqI19NmdTkAX9_TMlv&_nc_ht=scontent-nrt1-1.cdninstagram.com&edm=AEoDcc0EAAAA&oh=00_AfA_WeEctPQPUIwE-U5Z3zLsHacRNWVeasrtEmEunCKTmw&oe=63782C21
17953483178322844,,73,IMAGE,"・
・
ふざけんな、世界
・
・
#camera#portrait #today #selfie #selfportrait #fujifilm #fuji #hairstyles #colormodel#snap #ootd #instagood #ig_japan #makeup #hairstyle  #写ルンです #カメラ #メイク好きさんと繋がりたい  #作品撮り #filmphotography #film #gr2 #カメラ女子 #film_jp #セルフポートレート #自撮り #お洒落さんと繋がりたい #成人式 #成人式前撮り 
#followme",,https://scontent-nrt1-1.cdninstagram.com/v/t51.29350-15/315604666_842743653548775_545810285473345877_n.jpg?_nc_cat=111&ccb=1-7&_nc_sid=8ae9d6&_nc_ohc=ckO42o-fAYkAX9FFkO5&_nc_ht=scontent-nrt1-1.cdninstagram.com&edm=AEoDcc0EAAAA&oh=00_AfAThjK7bSL8ir7iQ7CrmQ0Rkoz1NDfEt15gFmUu1-Id-Q&oe=6378A4C6
17852670125856539,,11,IMAGE,"親友。
いつもありがとう。

She is my best friend.
Thank you for always.

#ミニチュアシュナウザー #日本
#写ルンです　#ファインダー越しの私の世界
#一瞬のときめきを永遠に
#生活とフィルム　
#瞳の中のノスタルジア
#schnauzer  #bestfriends 
#film #fimlcamera #35mm
#35mmfilm  #japan
#analogphotography
#filmphotography
#film_jp",,https://scontent-nrt1-1.cdninstagram.com/v/t51.29350-15/315347044_151533790947856_4162017989931307337_n.jpg?_nc_cat=107&ccb=1-7&_nc_sid=8ae9d6&_nc_ohc=EOpo5gJ0-XYAX--kICe&_nc_ht=scontent-nrt1-1.cdninstagram.com&edm=AEoDcc0EAAAA&oh=00_AfA6Cxkycio2gR33SthNdPWNP77eeeIba9DdeXvIO18xeQ&oe=6378675A
17952869246249883,,32,IMAGE,".

.
.
#todays_blue_collection #lovers_nippon_portrait #somewheremagazine #analogphotography
#film #filmphotography #filmisnotdead #filmmaking #filmcamera #filmfeed #ishootfilm #iusefilm #filmcommunity
#张笑真 #写真 #撮影 #青春 #フィルム #フィルムカメラ #フィルム寫眞 #写ルンです #写真好きな人と繋がりたい #写真撮ってる人と繋がりたい #雰囲気好きな人いいね #カメラ好きな人と繋がりたい #その瞬間に物語を #毎日が笑顔で溢れてる",,https://scontent-nrt1-1.cdninstagram.com/v/t51.29350-15/315423966_117742361140692_2415422228214508231_n.jpg?_nc_cat=104&ccb=1-7&_nc_sid=8ae9d6&_nc_ohc=L8JqlOeAlUYAX89zKG0&_nc_ht=scontent-nrt1-1.cdninstagram.com&edm=AEoDcc0EAAAA&oh=00_AfCzIWXKMVzJW_2CDG24EyhhmE5Y-mW8kcQOLsTqJf9-Ag&oe=63786045
17867378516802534,,,IMAGE,,,https://scontent-nrt1-1.cdninstagram.com/v/t51.29350-15/315352528_151712997255503_9147965542244546276_n.jpg?_nc_cat=105&ccb=1-7&_nc_sid=8ae9d6&_nc_ohc=E2c7OAbO2oAAX_6RPts&_nc_ht=scontent-nrt1-1.cdninstagram.com&edm=AEoDcc0EAAAA&oh=00_AfAXgRcoOMHOVNqKPkGgJqda2YLPJ5Fl-absrvofH1SbKw&oe=6378398D
17944094417257335,"{'data': [{'id': '18185005600244101'}, {'id': '18008670637496124'}]}",533,CAROUSEL_ALBUM,"♡

#青春シンデレラ 第4話を
ご覧いただきありがとうございました♡

長谷川くんが選んでくれてワンピースに
着替えた紫苑ちゃんのオフショットを💙🫧

第4話見逃し配信中！

#久間田琳加 #写ルンです",,
17973868618856001,,40,IMAGE,"⠀
⠀
⠀
だいすきなどら焼きがあるカフェに、🫶🏻
⠀
⠀

#カメラ女子
#カメラ男子
#カメラ小僧
#カメラ
#camera
#eosm10
#canon
#iPhone13pro
#fff #f4f
#写真好きな人と繋がりたい
#カメラ好きな人と繋がりたい
#カフェ巡り
#東京カフェ
#京都カフェ
#名古屋カフェ
#福岡カフェ
#札幌カフェ
#いいね返し
#カフェスタグラム
#カフェ好きな人と繋がりたい
#写ルンです
#フィルムカメラ
#写ルンですのある生活
#中目黒カフェ
#代官山カフェ
#渋谷カフェ
#opennakameguro",,https://scontent-nrt1-1.cdninstagram.com/v/t51.29350-15/315011044_677976457261950_6433263014494861692_n.jpg?_nc_cat=100&ccb=1-7&_nc_sid=8ae9d6&_nc_ohc=aWze2dgS36QAX88cnoT&_nc_ht=scontent-nrt1-1.cdninstagram.com&edm=AEoDcc0EAAAA&oh=00_AfCjQHb9B8t_w36PG0udE25BSftqr3-h6b4UWa1AxSPz_w&oe=63780CC1
17976155800866497,"{'data': [{'id': '17966681980978741'}, {'id': '17937486875338935'}]}",28,CAROUSEL_ALBUM,3つで2つも推し出て更に1番レアが当たるという、、、あざます、、、,,
18328099042013572,,15,IMAGE,"写真撮る時
大体、口は半開き🤗

#写ルンです#フィルムカメラ#film#filmcamera#写真",,https://scontent-nrt1-1.cdninstagram.com/v/t51.29350-15/315447536_423769516636482_5573983206470663143_n.jpg?_nc_cat=110&ccb=1-7&_nc_sid=8ae9d6&_nc_ohc=MwWhdBZfJ6wAX_1kCtn&_nc_ht=scontent-nrt1-1.cdninstagram.com&edm=AEoDcc0EAAAA&oh=00_AfDBTvWCvLSfwtXjKldbeX2dCHxVSTsH_Ynu_OGlzmjKQA&oe=63782E2E
17929919093554497,,11,IMAGE,#instagood#instalike#goodday#goodlife#film#filmcamera#filmphotography#kodak#kodak200#nikon#olympus#kodakcolorplus200#olympusphotography#写ルンです#フィルムカメラ#フィルム#コダック#オリンパス#f4f#l4l,,https://scontent-nrt1-1.cdninstagram.com/v/t51.29350-15/315503813_902011101180687_8421440932647667278_n.jpg?_nc_cat=102&ccb=1-7&_nc_sid=8ae9d6&_nc_ohc=C85YMo3RjVoAX9eBHnN&_nc_oc=AQmbl61IXF6kOW4GWuulqSo-rRxwjnh6VsebhEPeD5rB8YHvUbFVfDZP7zXabHDA0A8&_nc_ht=scontent-nrt1-1.cdninstagram.com&edm=AEoDcc0EAAAA&oh=00_AfCQsaoozds7CC71P9D2-Rc53p85eNSdfXc_D5NRdmAzjw&oe=63793787
18058674112352444,,17,IMAGE,"カフェも好きなんです。
ちなみに持ってるのは写ルンです。",,https://scontent-nrt1-1.cdninstagram.com/v/t51.29350-15/315500724_1231201617463827_7102727339389525874_n.jpg?_nc_cat=103&ccb=1-7&_nc_sid=8ae9d6&_nc_ohc=5TCyOxX7wOkAX-TMUSN&_nc_ht=scontent-nrt1-1.cdninstagram.com&edm=AEoDcc0EAAAA&oh=00_AfBKm8yKJa3dSI-voDPfO-Kz0Fs4tV5ZhbJpcDJtKG4l-g&oe=63785C1A
17960590120965657,,19,IMAGE,#instagood#instalike#goodday#goodlife#film#filmcamera#filmphotography#kodak#kodak200#nikon#olympus#kodakcolorplus200#olympusphotography#写ルンです#フィルムカメラ#フィルム#コダック#オリンパス#f4f#l4l,,https://scontent-nrt1-1.cdninstagram.com/v/t51.29350-15/315321604_2463797310594701_7941293677385265411_n.jpg?_nc_cat=111&ccb=1-7&_nc_sid=8ae9d6&_nc_ohc=D65yk3s_UK4AX97Fxw1&_nc_ht=scontent-nrt1-1.cdninstagram.com&edm=AEoDcc0EAAAA&oh=00_AfBEKDoTFGsSF33aDRO91LQGZAh_YigKfZWnFnLTRCzWxQ&oe=63776242
17978066473801214,,8,IMAGE,#instagood#instalike#goodday#goodlife#film#filmcamera#filmphotography#kodak#kodak200#nikon#olympus#kodakcolorplus200#olympusphotography#写ルンです#フィルムカメラ#フィルム#コダック#オリンパス#f4f#l4l,,https://scontent-nrt1-1.cdninstagram.com/v/t51.29350-15/315352098_681540773601763_2237316541077285312_n.jpg?_nc_cat=110&ccb=1-7&_nc_sid=8ae9d6&_nc_ohc=jloIulqVfJYAX_p-U-j&_nc_ht=scontent-nrt1-1.cdninstagram.com&edm=AEoDcc0EAAAA&oh=00_AfDX_znJ67TgA4yM6BlqcCrloEjBGsjfm742rZV3l--eMA&oe=6377F997
18116824588293008,,5,IMAGE,#instagood#instalike#goodday#goodlife#film#filmcamera#filmphotography#kodak#kodak200#nikon#olympus#kodakcolorplus200#olympusphotography#写ルンです#フィルムカメラ#フィルム#コダック#オリンパス#f4f#l4l,,https://scontent-nrt1-1.cdninstagram.com/v/t51.29350-15/315502207_563046319153824_6878532279170585254_n.jpg?_nc_cat=106&ccb=1-7&_nc_sid=8ae9d6&_nc_ohc=zl5zTuVrchIAX_h4vMy&_nc_ht=scontent-nrt1-1.cdninstagram.com&edm=AEoDcc0EAAAA&oh=00_AfBm9TKeyII71q4-TVwpacgnx519CKS5T3Sh0w9rQnEuqQ&oe=63783004
18012867679469155,,12,IMAGE,"Zurich Switzerland 🇨🇭 
July 2022

#35mm #filmphotography #写ルンです #使い捨てカメラ #funsaver #fujifilmcamera #switzerland #zurich #tram",,https://scontent-nrt1-1.cdninstagram.com/v/t51.29350-15/315321599_129541609709098_6916558159807469965_n.jpg?_nc_cat=108&ccb=1-7&_nc_sid=8ae9d6&_nc_ohc=IGSB9OCVk54AX_eSdMa&_nc_ht=scontent-nrt1-1.cdninstagram.com&edm=AEoDcc0EAAAA&oh=00_AfCn3brRJaq7W1yDa6M-JoCRc-816sIGwN7wSFg2_ryCSA&oe=63780CA8
17892707447719034,,11,IMAGE,"#写ルンです
#disposablecamera
#japan",,https://scontent-nrt1-1.cdninstagram.com/v/t51.29350-15/315497433_1277324209784905_8344587351989584691_n.jpg?_nc_cat=111&ccb=1-7&_nc_sid=8ae9d6&_nc_ohc=4eWPmpRLQoUAX-MQH1m&_nc_ht=scontent-nrt1-1.cdninstagram.com&edm=AEoDcc0EAAAA&oh=00_AfDOy1wXzuvZ7l15pmjA05gLt1eWbzNl_fZlQ8wm_1Rw7w&oe=6378DF94
17863206836818967,,5,IMAGE,#instagood#instalike#goodday#goodlife#film#filmcamera#filmphotography#kodak#kodak200#nikon#olympus#kodakcolorplus200#olympusphotography#写ルンです#フィルムカメラ#フィルム#コダック#オリンパス#f4f#l4l,,https://scontent-nrt1-1.cdninstagram.com/v/t51.29350-15/315658118_3436967136627321_1852312002952404789_n.jpg?_nc_cat=104&ccb=1-7&_nc_sid=8ae9d6&_nc_ohc=o624FuzNXjsAX_B0A_L&_nc_ht=scontent-nrt1-1.cdninstagram.com&edm=AEoDcc0EAAAA&oh=00_AfAt01SOprTBelPxjem_AOvgWucVQrvIGsVSUaC9Od3d6w&oe=6377CC31
17986066663636919,,206,IMAGE,"ディズニーシー🏰🐭🏰

TOPS whoswhogallery__ 
PANTS followin._official 

はよまた行こうね",,https://scontent-nrt1-1.cdninstagram.com/v/t51.29350-15/315725986_204468801955567_4560046522436058380_n.jpg?_nc_cat=109&ccb=1-7&_nc_sid=8ae9d6&_nc_ohc=Gly7xfPnJkAAX8wRXeZ&_nc_ht=scontent-nrt1-1.cdninstagram.com&edm=AEoDcc0EAAAA&oh=00_AfAcReaHCqDhAEJoZeXtIyu0-zM_GHFQggRDwtg0u5Rc0A&oe=63778810
